[
    {
        "title" : "A Bridge Back",
        "fellowship" : {
            "id" : "AA",
            "name" : "Alcoholics Anonymous"
        },
        "location" : {
            "title" : "St. Andrew's Church",
            "address1" : "20 Cardinal Hayes Place",
            "address2" : "Brooklyn, NY 11206",

            "distance" : "0.5 MI"
        },
        "calendar" : {
            "dayShort" : "WED",
            "dayLong" : "WEDNESDAY",
            "time" : "10 AM"
        }
    },
    {
        "title" : "Meeting Title 2",
        "fellowship" : {
            "id" : "NA",
            "name" : "Narcotics Anonymous"
        },
        "location" : {
            "title" : "Location Title 2",
            "address1" : "180 Sterling Pl",
            "address2" : "Brooklyn, NY 11217",

            "distance" : "1.5 MI"
        },
        "calendar" : {
            "dayShort" : "MON",
            "dayLong" : "MONDAY",
            "time" : "6 PM"
        }
    },
    {
        "title" : "Meeting Title 3",
        "fellowship" : {
            "id" : "AA",
            "name" : "Alcoholics Anonymous"
        },
        "location" : {
            "title" : "Location Title 3",
            "address1" : "Address1 3",
            "address2" : "Address2 3",

            "distance" : "000 MI"
        },
        "calendar" : {
            "dayShort" : "SUN",
            "dayLong" : "SUNDAY",
            "time" : "12:30 PM"
        }
    }
]